https://www.health.gov.on.ca/en/common/system/services/phu/locations.aspx
Public Health Unit Locations - Public Health Units - Health Services in Your Community - MOHLTC

 Skip to content Ontario.ca Français Ministry of Health Ministry of Long-Term Care Home Public Information Health Care Professionals News Room Print E-mail Health Services in Your Community Public Health Units Central Newmarket Toronto York Region Public Health Services Toronto Public Health Central East Peterborough Port Hope Toronto Durham Region Peterborough Public Health Haliburton, Kawartha, Pine Ridge District Health Unit Toronto Public Health Durham Region Health Department Central West Fergus Newmarket Toronto Wellington-Dufferin-Guelph Health Unit Toronto Public Health Champlain Brockville Cornwall Ottawa Pembroke Leeds, Grenville and Lanark District Health Unit Eastern Ontario Health Unit Ottawa Public Health Renfrew County and District Health Unit Erie St. Clair Chatham Point Edward Windsor Chatham-Kent Health Unit Lambton Health Unit Windsor-Essex County Health Unit Hamilton Niagara Haldimand Brant Brantford Hamilton Oakville Simcoe Thorold Brant County Health Unit Hamilton Public Health Services Halton Region Health Department Haldimand-Norfolk Health Unit Niagara Region Public Health Department Mississauga Halton Mississauga Oakville Toronto Peel Public Health Halton Region Health Department Toronto Public Health North East Kenora New Liskeard North Bay Sault Ste. Marie Sudbury Timmins Northwestern Health Unit Timiskaming Health Unit North Bay Parry Sound District Health Unit Algoma Public Health Unit Sudbury and District Health Unit Porcupine Health Unit North Simcoe Muskoka Barrie Owen Sound Simcoe Muskoka District Health Unit Grey Bruce Health Unit North West Kenora Thunder Bay Northwestern Health Unit Thunder Bay District Health Unit South East Belleville Brockville Kingston Port Hope Hastings and Prince Edward Counties Health Unit Leeds, Grenville and Lanark District Health Unit Kingston, Frontenac and Lennox & Addington Health Unit Haliburton, Kawartha, Pine Ridge District Health Unit South West London Owen Sound Simcoe St. Thomas Stratford Middlesex-London Health Unit Grey Bruce Health Unit Haldimand-Norfolk Health Unit Southwestern Public Health Huron Perth Health Unit Toronto Central Toronto Toronto Public Health Waterloo Wellington Fergus Owen Sound Waterloo Wellington-Dufferin-Guelph Health Unit Grey Bruce Health Unit Region of Waterloo, Public Health Public Health Unit Locations Erie St. Clair Chatham-Kent Health Unit P.O. Box 1136 435 Grand Avenue West Chatham, ON N7M 5L8 Tel: 519-352-7270 Fax : 519-352-2166 Website : ckphu.com Back to top Lambton Public Health 160 Exmouth Street Point Edward, ON N7T 7Z6 Tel: 519-383-8331 Toll: 1-800-667-1839 Fax : 519-383-7092 Website : www.lambtonhealth.on.ca Back to top Windsor-Essex County Health Unit 1005 Ouellette Avenue Windsor, ON N9A 4J8 Tel: 519-258-2146 Fax : 519-258-6003 Website : www.wechu.org Back to top South West Middlesex-London Health Unit 355 Wellington Street, Suite 110 London, ON N6A 3N7 Tel: 519-663-5317 Fax : 519-663-9581 Website : www.healthunit.com Back to top Grey Bruce Health Unit 101 17th Street East Owen Sound, ON N4K 0A5 Tel: 519-376-9420 Toll: 1-800-263-3456 Website : www.publichealthgreybruce.on.ca/ Back to top Haldimand-Norfolk Health Unit P.O. Box 570 12 Gilbertson Dr Simcoe, ON N3Y 4N5 Tel: 519-426-6170 Fax : 519-426-9974 Website : www.hnhu.org Back to top Southwestern Public Health 1230 Talbot Street St. Thomas, ON N5P 1G9 Tel: 519-631-9900 Toll: 1-800-922-0096 Website : www.swpublichealth.ca Back to top Huron Perth District Health Unit 653 West Gore Street Stratford, ON N5A 1L4 Tel: 519-271-7600 Fax : 519-271-2195 Website : www.hpph.ca Back to top Waterloo Wellington Wellington-Dufferin-Guelph Public Health 160 Chancellors Way Guelph, ON N1G 0E1 Tel: 519-822-2715 Toll: 1-800-265-7293 Fax : 519-836-7215 Website : www.wdgpublichealth.ca Back to top Grey Bruce Health Unit 101 17th Street East Owen Sound, ON N4K 0A5 Tel: 519-376-9420 Toll: 1-800-263-3456 Website : www.publichealthgreybruce.on.ca/ Back to top Region of Waterloo, Public Health P.O. Box 1633 99 Regina Street South Waterloo, ON N2J 4V3 Tel: 519-575-4400 Fax : 519-883-2241 Website : www.chd.region.waterloo.on.ca Back to top Hamilton Niagara Haldimand Brant Brant County Health Unit 194 Terrace Hill Street Brantford, ON N3R 1G7 Tel: 519-753-4937 Fax : 519-753-2140 Website : www.bchu.org/ Back to top Hamilton Public Health Services 110 King St. West, 2nd Floor Hamilton, ON L8P 4S6 Tel: 905-546-CITY (2489) TTY 1-800-855-0511 Website : www.hamilton.ca/publichealth Back to top Halton Region Health Department 1151 Bronte Road Oakville, ON L6M 3Ll Tel: 905-825-6000 Toll: 1-866-442-5866 TTY : 905-827-9833 Website : www.halton.ca/For-Residents/Public-Health Back to top Haldimand-Norfolk Health Unit P.O. Box 570 12 Gilbertson Drive Simcoe, ON N3Y 4N5 Tel: 519-426-6170 Fax : 519-426-9974 Website : www.hnhu.org Back to top Niagara Region Public Health Department 1815 Sir Isaac Brock Way P.O. Box 1052, Station Main Thorold, ON L2V 0A2 Tel: 905-688-3762 Toll: 1-800-263-7248 Fax : 905-682-3901 Website : www.niagararegion.ca/health Back to top Central West Back to top Wellington-Dufferin-Guelph Public Health 160 Chancellors Way Guelph, ON N1G 0E1 Tel: 519-822-2715 Toll: 1-800-265-7293 Fax : 519-836-7215 Website : www.wdgpublichealth.ca Back to top Toronto Public Health 277 Victoria Street, 5th Floor Toronto, ON M5B 1W2 Tel: 416-338-7600 Website : www.toronto.ca/community-people/health-wellness-care/ Back to top Mississauga Halton Peel Public Health 7120 Hurontario Street. Mississauga ON L5W 1N4 Tel: 905-799-7700 Website : www.peelregion.ca/health/ Back to top Halton Region Health Department 1151 Bronte Road Oakville, ON L6M 3Ll Tel: 905-825-6000 Toll: 1-866-442-5866 TTY : 905-827-9833 Fax : 905-825-8588 Website : www.halton.ca/For-Residents/Public-Health/ Back to top Toronto Public Health 277 Victoria Street, 5th Floor Toronto, ON M5B 1W2 Tel: 416-338-7600 Website : www.toronto.ca/community-people/health-wellness-care/ Back to top Toronto Central Toronto Public Health 277 Victoria Street, 5th Floor Toronto, ON M5B 1W2 Tel: 416-338-7600 Web : www.toronto.ca/community-people/health-wellness-care/ Back to top Central Toronto Public Health 277 Victoria Street, 5th Floor Toronto, ON M5B 1W2 Tel: 416-338-7600 Web : www.toronto.ca/community-people/health-wellness-care/ Back to top York Region Public Health Services Box 147 17250 Yonge Street Newmarket, ON L3Y 6Z1 Toll: 1-877-464-9675 (Access York) Web : www.york.ca/wps/portal/yorkhome/health/ Back to top Central East Peterborough Public Health Jackson Square, 185 King St Peterborough, ON K9J 2R8 Tel: 705-743-1000 Fax : 705-743-2897 Web : www.peterboroughpublichealth.ca Back to top Haliburton, Kawartha, Pine Ridge District Health Unit 200 Rose Glen Road Port Hope, ON L1A 3V6 Toll: 1-866-888-4577 Fax : 905-885-9551 Web : www.hkpr.on.ca/ Back to top Toronto Public Health 277 Victoria Street, 5th Floor Toronto, ON M5B 1W2 Tel: 416-338-7600 Web : www.toronto.ca/community-people/health-wellness-care/ Back to top Durham Region Health Department 605 Rossland Road East Whitby, ON L1N 6A3 Tel: 905-668-7711 Fax : 905-666-6214 Toll Free : 1-800-841-2729 Web : www.durham.ca/en/health-and-wellness/health-and-wellness.aspx Back to top South East Hastings and Prince Edward Counties Health Unit 179 North Park Street Belleville, ON K8P 4P1 Tel: 613-966-5500 Fax : 613-966-9418 Web site : hpePublicHealth.ca Back to top Leeds, Grenville and Lanark District Health Unit 458 Laurier Boulevard Brockville, ON K6V 7A3 Tel: 613-345-5685 Fax : 613-345-2879 Web : www.healthunit.org Back to top Kingston, Frontenac and Lennox & Addington Public Health 221 Portsmouth Avenue Kingston, ON K7M 1V5 Tel: 613-549-1232 Toll: 1-800-267-7875 Fax : 613-549-7896 Web : www.kflaph.ca Back to top Haliburton, Kawartha, Pine Ridge District Health Unit 200 Rose Glen Road Port Hope, ON L1A 3V6 Toll: 1-866-888-4577 Fax : 905-885-9551 Web : www.hkpr.on.ca/ Back to top Champlain Leeds, Grenville and Lanark District Health Unit 458 Laurier Boulevard Brockville, ON K6V 7A3 Tel: 613-345-5685 Fax : 613-345-2879 Web : www.healthunit.org Back to top Eastern Ontario Health Unit 1000 Pitt Street Cornwall, ON K6J 5T1 Tel: 613-933-1375 Toll: 1-800-267-7120 Fax : 613-933-7930 Web : www.eohu.ca Back to top Ottawa Public Health 100 Constellation Drive Ottawa, ON K2G 6J8 Tel: 613-580-6744 Toll: 1-866-426-8885 TTY : 613-580-9656 Fax : 613-580-9641 Web : www.ottawapublichealth.ca Back to top Renfrew County and District Health Unit 141 Lake Street Pembroke, Ontario K8A 5L8 Tel: 613-732-3629 Toll: 1-800-267-1097 Fax : 613-735-3067 Web : www.rcdhu.com Back to top North Simcoe Muskoka Simcoe Muskoka District Health Unit 15 Sperling Drive Barrie, ON L4M 6K9 Tel: 705-721-7520 Health Connection (Toll free) 1-877-721-7520 Fax : 705-721-1495 Web : www.simcoemuskokahealth.org Back to top Grey Bruce Health Unit 101 17th Street East Owen Sound, ON N4K 0A5 Tel: 519-376-9420 Toll: 1-800-263-3456 Web : www.publichealthgreybruce.on.ca/ Back to top North East Northwestern Health Unit 210 First Street North Kenora, ON P9N 2K4 Tel: 807-468-3147 Toll: 1-800-830-5978 Fax : 807-468-4970 Web : www.nwhu.on.ca Back to top Timiskaming Health Unit 247 Whitewood Avenue, Unit 43 P.O. Box 1090 New Liskeard, ON P0J 1P0 Tel: 705-647-4305 Fax : 705-647-5779 Web : www.timiskaminghu.com Back to top North Bay Parry Sound District Health Unit 345 Oak Street West North Bay, ON P1B 2T2 Tel: 705-474-1400 Fax : 705-474-8252 Web : http://www.myhealthunit.ca Back to top Algoma Public Health Unit 294 Willow Avenue Sault Ste. Marie, ON P6B 0A9 Tel: 705-942-4646 Toll: 1-866-892-0172 Fax : 705-759-1534 Web : www.algomapublichealth.com Back to top Sudbury & District Health Unit 1300 Paris Street Sudbury, ON P3E 3A3 Tel: 705-522-9200 Toll: 1-866-522-9200 Fax : 705-522-5182 Site web : www.phsd.ca Back to top Porcupine Health Unit P.O. Bag 2012 169 Pine Street South Timmins, ON P4N 8B7 Tel: 705-267-1181 Web : www.porcupinehu.on.ca Back to top North West Northwestern Health Unit 210 First Street North Kenora, ON P9N 2K4 Tel: 807-468-3147 Toll: 1-800-830-5978 Fax : 807-468-4970 Web : www.nwhu.on.ca Back to top Thunder Bay District Health Unit 999 Balmoral Street Thunder Bay, ON P7B 6E7 Tel: 807-625-5900 Toll: 1-888-294-6630 (807 area only) Fax : 807-623-2369 Web : www.tbdhu.com For More Information Call ServiceOntario, Infoline at: 1–866–532–3161 (Toll–free) In Toronto, (416) 314–5518 TTY 1–800–387–5559. In Toronto, TTY (416)327–4282 Hours of operation: Monday to Friday, 8:30am – 5:00pm Public Information Health Services in Your Community Public Health Units Public Health Unit Locations Health Care Professionals News Room Explore Government Government Ministries Contacts Have a Question? Employee and Organization Directory (INFO-GO) MPPs ServiceOntario Locations Connect With Us Contact Us Accessibility Privacy Terms of Use © Queen's Printer for Ontario, 2009-2019 - Last Modified: 2021-04-29
